Dokter,Doctor,dokter,https://images.unsplash.com/photo-1559839734-2b71ea197ec2?w=500
Perawat,Nurse,ners,https://images.unsplash.com/photo-1584515933487-779824d29309?w=500
Guru,Teacher,ticer,https://images.unsplash.com/photo-1544717305-2782549b5136?w=500
Polisi,Policeman,polisman,https://images.unsplash.com/photo-1518306727298-4c17e1bf6942?w=500
Tentara,Soldier,soljer,https://images.unsplash.com/photo-1517841905240-472988babdf9?w=500
Pemadam Kebakaran,Firefighter,fairfaiter,https://images.unsplash.com/photo-1562141961-4b0c4f3c7b67?w=500
Petani,Farmer,farmer,https://images.unsplash.com/photo-1500937386664-56d1dfef3854?w=500
Nelayan,Fisherman,fisermen,https://images.unsplash.com/photo-1500375592092-40eb2168fd21?w=500
Koki,Chef,syef,https://images.unsplash.com/photo-1556910103-1c02745aae4d?w=500
Pelayan,Waiter,weiterr,https://images.unsplash.com/photo-1559339352-11d035aa65de?w=500
Sopir,Driver,draiver,https://images.unsplash.com/photo-1503376780353-7e6692767b70?w=500
Pilot,Pilot,pailot,https://images.unsplash.com/photo-1436491865332-7a61a109cc05?w=500
Pramugari,Flight Attendant,flait atendent,https://images.unsplash.com/photo-1529074963764-98f45c47344b?w=500
Montir,Mechanic,mekanik,https://images.unsplash.com/photo-1487754180451-c456f719a1fc?w=500
Tukang Kayu,Carpenter,karpenter,https://images.unsplash.com/photo-1517048676732-d65bc937f952?w=500
Tukang Bangunan,Builder,bilder,https://images.unsplash.com/photo-1504307651254-35680f356dfd?w=500
Arsitek,Architect,arkitek,https://images.unsplash.com/photo-1503387762-592deb58ef4e?w=500
Penjahit,Tailor,teiler,https://images.unsplash.com/photo-1521572267360-ee0c2909d518?w=500
Penjual,Seller,seler,https://images.unsplash.com/photo-1520607162513-77705c0f0d4a?w=500
Kasir,Cashier,kesyir,https://images.unsplash.com/photo-1556740749-887f6717d7e4?w=500
Penyanyi,Singer,singer,https://images.unsplash.com/photo-1516280440614-37939bbacd81?w=500
Penari,Dancer,denser,https://images.unsplash.com/photo-1508804185872-d7badad00f7d?w=500
Pelukis,Painter,peinter,https://images.unsplash.com/photo-1513364776144-60967b0f800f?w=500
Fotografer,Photographer,fotografer,https://images.unsplash.com/photo-1492691527719-9d1e07e534b4?w=500
Programmer,Programmer,programer,https://images.unsplash.com/photo-1515879218367-8466d910aaa4?w=500
Desainer,Designer,dizainer,https://images.unsplash.com/photo-1498050108023-c5249f4df085?w=500
Hakim,Judge,jaj,https://images.unsplash.com/photo-1589829545856-d10d557cf95f?w=500
Pengacara,Lawyer,loyer,https://images.unsplash.com/photo-1528747008803-0f73d9a7b0b4?w=500
Dokter Gigi,Dentist,dentist,https://images.unsplash.com/photo-1588776814546-ec7e8f0b9e94?w=500
Apoteker,Pharmacist,farmasis,https://images.unsplash.com/photo-1585435557343-3b092031d4f7?w=500
Astronot,Astronaut,astronot,https://images.unsplash.com/photo-1446776811953-b23d57bd21aa?w=500
Penulis,Writer,raiter,https://images.unsplash.com/photo-1455390582262-044cdead277a?w=500
Jurnalis,Journalist,jurnalis,https://images.unsplash.com/photo-1495020689067-958852a7765e?w=500
Tukang Cukur,Barber,barber,https://images.unsplash.com/photo-1517832606299-7ae9b720a186?w=500
Penata Rambut,Hairdresser,herdreser,https://images.unsplash.com/photo-1521590832167-7bcbfaa6381f?w=500
Satpam,Security Guard,sekyuriti gard,https://images.unsplash.com/photo-1517841905240-472988babdf9?w=500